<?xml version="1.0" encoding="UTF-8" ?>
<!DOCTYPE mapper PUBLIC "-//org//DTD Mapper 3.0//EN" "http://mybatis.org/dtd/mybatis-3-mapper.dtd">
  
<mapper namespace="com.xiangmu.mappers.FangMapper">
  
   <insert id="insert" useGeneratedKeys="true" keyProperty="id">
       insert into t_fang(
			mingcheng,
			jieshao,
			fujian,
			
			fujianYuan,
			del
       ) values 
       (
            #{mingcheng},
			#{jieshao},
			#{fujian},
			
			#{fujianYuan},
			#{del}
       )
   </insert>
   
   
   <update id="delete">
       update t_fang set del='yes' where id= #{id}
   </update>
   
   
   
   
   
   <update id="update">
       update t_fang set 
            mingcheng=#{mingcheng},  
            jieshao=#{jieshao}, 
            fujian=#{fujian}, 
            
            fujianYuan=#{fujianYuan},
            del=#{del}
            
            where id= #{id}
   </update>
   
   
   
   
   
   <select id="select" resultType="com.xiangmu.pojo.Fang">
      select * from t_fang where del='no' and mingcheng like "%" #{mingcheng} "%"
   </select>
   
   
   
   
   
   <select id="findByid" resultType="com.xiangmu.pojo.Fang">
      select * from t_fang where id =#{id}
   </select>
   
  
   
   
   
   
</mapper>

  
  
