<?xml version="1.0" encoding="UTF-8" ?>
<!DOCTYPE mapper PUBLIC "-//org//DTD Mapper 3.0//EN" "http://mybatis.org/dtd/mybatis-3-mapper.dtd">
  
<mapper namespace="com.xiangmu.mappers.UserMapper">
  
   <!-- public int insert(User user); --><!--  useGeneratedKeys:开启某个字段的值递增，，，，，keyProperty指定哪个字段递增-->
   <insert id="insert" useGeneratedKeys="true" keyProperty="uid">
       insert into t_user(
            username,
			password,
			xingming,
			xingbie,
			
			nianling,
			dizhi,
			dianhua,
			youxiang,
			
			fujian,
			shijian,
			del
       ) values 
       (
            #{username},
			#{password},
			#{xingming},
			#{xingbie},
			
			#{nianling},
			#{dizhi},
			#{dianhua},
			#{youxiang},
			
			#{fujian},
			#{shijian},
			#{del}
       )
   </insert>
   
   
   <update id="del">
       update t_user set del='yes' where uid= #{uid}
   </update>
   
   
   
   
   
   <update id="updateXinxi">
       update t_user set 
            password=#{password},  
            xingming=#{xingming},  
            xingbie=#{xingbie},
            nianling=#{nianling},
            dizhi=#{dizhi},
            dianhua=#{dianhua},
            youxiang=#{youxiang} 
            where uid= #{uid}
   </update>
   
   
   
   
   
   <select id="select" resultType="com.xiangmu.pojo.User">
      select * from t_user where del='no' and username like "%" #{username} "%" and xingming like "%" #{xingming} "%" 
   </select>
   
   
   
   <select id="findByUsername" resultType="com.xiangmu.pojo.User">
      select * from t_user where del='no' and username = #{username}
   </select>
   
   
   
   
   
   <select id="findByUid" resultType="com.xiangmu.pojo.User">
      select * from t_user where uid =#{uid}
   </select>
   
  
   
   
   
   
</mapper>

  
  
