<?xml version="1.0" encoding="UTF-8" ?>
<!DOCTYPE mapper PUBLIC "-//org//DTD Mapper 3.0//EN" "http://mybatis.org/dtd/mybatis-3-mapper.dtd">
  
<mapper namespace="com.xiangmu.mappers.YuyueMapper">
  
   <insert id="insert" useGeneratedKeys="true" keyProperty="id">
       insert into t_yuyue
       (
            userId,
			fangId,
			zuoweiId,
			
			riqi,
			duan,
			beizhu,
			xingming,
			
			dianhua,
			feiyong,
			fkzt,
			fkfs
			
       ) 
       values 
       (
            #{userId},
			#{fangId},
			#{zuoweiId},
			
			#{riqi},
			#{duan},
			#{beizhu},
			#{xingming},
			
			#{dianhua},
			#{feiyong},
			#{fkzt},
			#{fkfs}
       )
   </insert>
   
   
   
   
   
   <delete id="delete">
       delete from t_yuyue where id=#{id}
   </delete>
   
   
   <update id="update">
       update t_yuyue set 
            fkzt=#{fkzt},  
            fkfs=#{fkfs}
            
            where id= #{id}
   </update>
    
   
   
   <select id="select" resultType="com.xiangmu.pojo.Yuyue">
      select * from t_yuyue where riqi like "%" #{riqi} "%"
        and xingming like "%" #{xingming} "%"
   </select>
   
   
   <select id="selectByZuoweiAndDuan" resultType="com.xiangmu.pojo.Yuyue">
      select * from t_yuyue where fangId=#{fangId} and zuoweiId=#{zuoweiId} and duan=#{duan}
   </select>
   
   
   <select id="selectByUser" resultType="com.xiangmu.pojo.Yuyue">
      select * from t_yuyue where userId=#{userId} 
   </select>
   
   
   
   <select id="findById" resultType="com.xiangmu.pojo.Yuyue">
      select * from t_yuyue where id =#{id}
   </select>
   
</mapper>

  
  
