<?xml version="1.0" encoding="UTF-8" ?>
<!DOCTYPE mapper PUBLIC "-//org//DTD Mapper 3.0//EN" "http://mybatis.org/dtd/mybatis-3-mapper.dtd">
  
<mapper namespace="com.xiangmu.mappers.ZuoweiMapper">
  
   <insert id="insert" useGeneratedKeys="true" keyProperty="id">
       insert into t_zuowei(
			fangId,
			bianhao,
			del
       ) values 
       (
            #{fangId},
            #{bianhao},
			#{del}
       )
   </insert>
   
   
   <update id="delete">
       update t_zuowei set del='yes' where id= #{id}
   </update>
   
   
   
   
   
   <update id="update">
       update t_zuowei set 
            fangId=#{fangId},
            bianhao=#{bianhao},
            del=#{del}
            
            where id= #{id}
   </update>
   
   
   
   <select id="selectByFang" resultType="com.xiangmu.pojo.Zuowei">
      select * from t_zuowei where del='no' and fangId=#{fangId}
      and bianhao like "%" #{bianhao} "%"
      order by bianhao
   </select>
   
   
   
   <select id="findByid" resultType="com.xiangmu.pojo.Zuowei">
      select * from t_zuowei where id =#{id}
   </select>
   
   
   
</mapper>

  
  
